ツール名,作者,カテゴリ,説明,公開状況,note記事リンク,最終更新日,サムネURL
おへんじ帖,はしゃもさん,交流・通知を管理する,noteの記事についた未返信コメントを一覧表示し、返信状況を管理するツール,無料,https://note.com/hasyamo/n/nb292c6ff9605,2026-08-03,https://assets.st-note.com/production/uploads/images/255332257/rectangle_large_type_2_d0933e2b17d531856c93d77d139fb25d.png?fit=bounds&quality=85&width=1280
note共同マガジン通知フィルター,ひゅー｜AI×note｜挑戦と思考整理を楽しむ。,交流・通知を管理する,noteの通知一覧で、共同マガジンに関する3種類の通知を非表示にするChrome拡張機能,有料（500円）,https://note.com/hyu_nisworks/n/n31deb816133b,2026-08-03,https://assets.st-note.com/production/uploads/images/276748144/rectangle_large_type_2_d7948e55987a1e475e73786562dbed36.png?fit=bounds&quality=85&width=1280
noteReader,ふなさん,記事を探す・読む,登録したnoteクリエイターの記事をグループ別に一覧表示し未読管理・期間指定・検索・並び替えができるツール,β版配布中,https://note.com/funa04/n/n3e9569f7caeb,2026-08-09,https://assets.st-note.com/production/uploads/images/300375765/rectangle_large_type_2_08d303e79a92e27d5a05db526e014a63.png?fit=bounds&quality=85&width=1280
YOMIASA,はしゃもさん,記事を探す・読む,好きなnoteクリエイターの記事を年月ごとに表示し、過去記事をたどりやすくする読書ツール,無料,https://note.com/hasyamo/n/nd3a38fffd5de,2026-08-03,https://assets.st-note.com/production/uploads/images/298506142/rectangle_large_type_2_c6d7c74ae034b44e951a1b97762f444b.png?fit=bounds&quality=85&width=1280
おはヨミ,はしゃもさん,記事を探す・読む,読みたいnoteクリエイターを読む頻度に合わせて管理するリーディングリスト,無料,https://note.com/hasyamo/n/nd7e3da2d97a0,2026-08-03,https://assets.st-note.com/production/uploads/images/249871096/rectangle_large_type_2_8c176010284d317ef588dd0355902f87.png?fit=bounds&quality=85&width=1280
おはヨミ next,はしゃもさん,記事を探す・読む,推しているnoteクリエイターの新着記事を確認しクリエイターごとの記念日も事前に知らせるリーディングリスト,無料,https://note.com/hasyamo/n/n0751c8a344fb,2026-08-09,https://assets.st-note.com/production/uploads/images/301084247/rectangle_large_type_2_788c84e2a9a37b7d70bde78594f0cb3c.png?width=1280
note-saver,データ分析｜コピペで動くAIアプリ｜[ゆき],保存・管理する,noteの記事やクリエイターを相手に通知せず自分用に保存するChrome拡張機能,無料,https://note.com/jazzy_orchid7415/n/ndbb9d1c6b917,2026-08-03,https://assets.st-note.com/production/uploads/images/250869941/rectangle_large_type_2_bc23ccf506aeaebf9589c72b08992eca.png?fit=bounds&quality=85&width=1280
noteしおり,AIを使える形に整える@オトーワン,保存・管理する,noteの記事を読んでいる途中の位置を保存し、続きから読めるChrome拡張機能,無料,https://note.com/oto_wan_ai/n/n24002fe46ebe,2026-08-03,https://assets.st-note.com/production/uploads/images/286900709/rectangle_large_type_2_243f5930c3094d6b32f8f678a4fa93c6.png?fit=bounds&quality=85&width=1280
note Audio Player,やのすけさん,記事を探す・読む,noteの記事本文を音声で聴くためのChrome拡張機能,無料,https://note.com/dear_lupine1825/n/n515eef1d7483,2026-08-03,https://assets.st-note.com/production/uploads/images/273960712/rectangle_large_type_2_2b690b3f1e1a7d526f1a2102bf8000f8.png?fit=bounds&quality=85&width=1280
Note Reader Enhancer,ヤマザキ@株式投資で自由を手に入れよう,表示・操作環境を変える,noteの記事閲覧画面にダークモードや文字サイズ調整などを追加するブラウザ拡張機能,無料,https://note.com/noteworkr/n/nd439e6e9318d,2026-08-03,https://assets.st-note.com/production/uploads/images/257431944/rectangle_large_type_2_5c258679a70b899525881c4ff7d2bb10.jpeg?fit=bounds&quality=85&width=1280
noteの記事で目次を固定表示するChrome拡張機能,yuki-Pさん,表示・操作環境を変える,noteの記事を読むときに目次を画面右下へ固定表示し見出しへの移動を容易にするツール,無料,https://note.com/yuki_tech/n/ncf5c9d131418,2026-08-03,https://assets.st-note.com/production/uploads/images/291457474/rectangle_large_type_2_070fbdfe071269ef5721f0ce15e222cd.png?fit=bounds&quality=85&width=1280
おだやかnoteセット,日和（ひより）さん,表示・操作環境を変える,noteのミュート機能と記事のスキ数を非表示にする機能をまとめたツール,無料,https://note.com/hiyori_labo/n/n61209ca91cc1,2026-08-03,https://assets.st-note.com/production/uploads/images/272391365/rectangle_large_type_2_5a973834781aa3ab7f250b56b0e72e4e.jpg?fit=bounds&quality=85&width=1280
積み上げノート,はしゃもさん,活動を分析・記録する,noteのフォロワー数を毎日記録し、推移をグラフで確認できるツール,無料,https://note.com/hasyamo/n/n01271ce80310,2026-08-03,https://assets.st-note.com/production/uploads/images/247981879/rectangle_large_type_2_68c74ef4d62378c53cc7f48961e4b0d1.png?fit=bounds&quality=85&width=1280
note TREE,あいすけ@歯科アプリ個人開発者,活動を分析・記録する,noteへの投稿を続けるための習慣化支援Webアプリ,公開中,https://note.com/suke_ai_code/n/ne4e65fa5010b,2026-08-03,https://assets.st-note.com/production/uploads/images/284817635/rectangle_large_type_2_611b8979c555250c0adfe764aaf117e3.png?fit=bounds&quality=85&width=1280
観測は続く。,はしゃもさん,活動を分析・記録する,自分の記事にスキをした人の一覧やスキのランキング等を確認できるツール,メンバーシップ限定,https://note.com/hasyamo,2026-08-03,https://assets.st-note.com/production/uploads/images/293589917/6c9d4c9e754e63c7ce41a77331ff15a2.png?fit=bounds&format=jpeg&height=1024&quality=85&width=1024
NoteGrow,ナツ｜「あったらいいな」を形にするAIクリエイター,活動を分析・記録する,noteの記事ごとのビュー・スキ・売上を記録し、タイトル検索・変更履歴も含めて管理するWebアプリ,無料配布は2026年8月16日まで予定・以降メンバーシップ限定予定,https://note.com/shigi_natsu/n/n6c3252d33673,2026-08-12,https://assets.st-note.com/production/uploads/images/302287571/rectangle_large_type_2_cdf35b6166c0ef5e646c0597f7821018.jpeg?width=1280
note統計情報取得ツール,みひろさん,活動を分析・記録する,noteの統計データを取得し、Googleスプレッドシートで分析するGASツール,有料（980円）,https://note.com/mihiro_mama/n/n5c372ca04784,2026-08-03,https://assets.st-note.com/production/uploads/images/203955717/rectangle_large_type_2_f02a408d2b3a8b36843bf528ad140583.png?fit=bounds&quality=85&width=1280
ダッシュボード（アクセス状況）分析ツール,深灯さん,活動を分析・記録する,noteのダッシュボードからコピーしたデータをExcelで分析するテンプレート,有料（980円）,https://note.com/mito_hikari/n/n9054186db840,2026-08-03,https://assets.st-note.com/production/uploads/images/262302471/rectangle_large_type_2_db5db381ee9af981ff01c9fbc2d00de7.jpeg?fit=bounds&quality=85&width=1280
NoteSync,NoteSyncさん,活動を分析・記録する,noteの販売履歴CSVをアップロードし、売上を可視化・分析するサービス,無料,https://note.com/notesync_jp,2026-08-03,https://assets.st-note.com/production/uploads/images/287767838/53ada83fddd05d48b2f2101110134c1e.png?fit=bounds&format=jpeg&height=1024&quality=85&width=1024
note売上分析ダッシュボード,ぽち太さん,活動を分析・記録する,noteの販売履歴画面でブックマークレットを実行し、ダッシュボード形式で情報を表示するツール,有料（1000円・X投稿リポストで無料）,https://note.com/pochipochita_ph/n/nb74fb9ba50ae,2026-08-03,https://assets.st-note.com/production/uploads/images/292977483/rectangle_large_type_2_98eb9ac40fbd335a632112c6f5d197f5.png?fit=bounds&quality=85&width=1280
NoteBubble,木田貴之さん,記事を書く・編集する,noteの編集画面に検索・置換、校正、SEO分析などを追加するChrome拡張機能,公開中,https://note.com/kida_lw/n/nb31bc189cd1d,2026-08-03,https://assets.st-note.com/production/uploads/images/291748757/rectangle_large_type_2_feef23e98c776a2d97e54dfd81a3ce23.png?fit=bounds&quality=85&width=1280
noteアナライザー,アプリケンゴさん,活動を分析・記録する,noteのダッシュボードから取得したデータを分析するツール,公開中,https://note.com/applikengo_25626/n/nd31eeed61252,2026-08-03,https://assets.st-note.com/production/uploads/images/259350113/rectangle_large_type_2_89d797e29e724d02222ff986fd9ff417.png?fit=bounds&quality=85&width=1280
note統計ダッシュボード,ひゅー｜AI×note｜挑戦と思考整理を楽しむ。,活動を分析・記録する,noteダッシュボードのCSVデータを読み込み、記事ごとの統計を一覧表示するWebツール,無料,https://note.com/hyu_nisworks/n/nb54215a2c30c,2026-08-03,https://assets.st-note.com/production/uploads/images/298651400/rectangle_large_type_2_2426be1b664b804555cb18bdcf9c3dea.png?fit=bounds&quality=85&width=1280
note / stats,KITAcore｜キタコレ@ログプレイヤー,活動を分析・記録する,noteの活動データを毎日収集し、記事の推移や反応をブラウザで確認できるダッシュボード,無料（HTML公開）,https://note.com/ktcrs1107/n/ne42952207820,2026-08-07,https://assets.st-note.com/production/uploads/images/257497368/rectangle_large_type_2_63f4d7fa8a550507bb0ab124d3095e38.png?width=1280
Note Access Data Exporter,音色さん,データを取得・出力する,自分のnoteアカウントのアクセス状況から記事タイトルやビュー数をCSV形式で保存するChrome拡張機能,無料,https://note.com/thracia776/n/n9328aa133862,2026-08-03,https://assets.st-note.com/production/uploads/images/224468894/rectangle_large_type_2_241ad33b38c46aeed4192c14a9607d93.png?fit=bounds&quality=85&width=1280
Note Article List Exporter,音色さん,データを取得・出力する,noteのマガジン内にある記事のタイトルやURLなどをCSV形式で保存するChrome拡張機能,無料,https://note.com/thracia776/n/ne8664f114e8e,2026-08-03,https://assets.st-note.com/production/uploads/images/225670806/rectangle_large_type_2_8baa4553a419778d740ef517893b44ad.png?fit=bounds&quality=85&width=1280
Note Magazine Data Exporter,音色さん,データを取得・出力する,noteのマガジン一覧からマガジン情報をCSV形式で保存するChrome拡張機能,無料,https://note.com/thracia776/n/n7b66203a7138,2026-08-03,https://assets.st-note.com/production/uploads/images/225671022/rectangle_large_type_2_94fa72457fd278357517414c2492a09d.png?fit=bounds&quality=85&width=1280
Note記事一括取得スクリプト,さくらんさん,データを取得・出力する,自分のnote記事のタイトルや本文などを一括取得し、CSV形式で保存するPythonスクリプト,有料（1480円）,https://note.com/dear_harte3990/n/n3bc37d77350f,2026-08-03,https://assets.st-note.com/production/uploads/images/194493787/rectangle_large_type_2_4e6559546b5a0ad5d3a8ddeb88a34748.png?fit=bounds&quality=85&width=1280
noteダッシュボードCSV出力アドオン,mei_13さん,データを取得・出力する,自分のnoteダッシュボードに表示される記事データをCSVとして保存するChrome拡張機能,無料,https://note.com/fuzan_shodo/n/n7f6eee1566ff,2026-08-03,https://assets.st-note.com/production/uploads/images/273043592/rectangle_large_type_2_5312eb2dda420c2e79070b44b6f4ca40.png?fit=bounds&quality=85&width=1280
WXRリーダー,たぬ｜生成AIを使い倒す人,保存・管理する,note公式エクスポート機能で取得したWXR形式のバックアップを読み込み、過去記事を閲覧・検索するツール,無料,https://note.com/tank_ai/n/ne436ade006bf,2026-08-03,https://assets.st-note.com/production/uploads/images/296106684/rectangle_large_type_2_843905d21bc260a597e5f2121ee9e6d4.png?fit=bounds&quality=85&width=1280
Note Article Master,藍月乃音（あいつき）,保存・管理する,自分のnote管理画面で公開記事と下書きを検索・整理できるブラウザ拡張機能,有料,https://note.com/globalyttrends/n/n341927803ef2,2026-08-03,https://assets.st-note.com/production/uploads/images/241679069/rectangle_large_type_2_a7bac6e72d703b278a59dd88e7edd5fb.jpeg?fit=bounds&quality=85&width=1280
note log／おすすめページKIT,KITAcore｜キタコレ@ログプレイヤー,保存・管理する,noteの記事をサムネ付きカードで並べ、自己紹介記事の変遷などを表示できる紹介ページ用テンプレート,公開中,https://note.com/ktcrs1107/n/ndd8ce7cb7bcf,2026-08-07,https://assets.st-note.com/production/uploads/images/297211251/rectangle_large_type_2_3f8862c2d62d4c886bf74b7e3d280c5c.png?width=1280
ねんころ式タイトル＆タグ錬成ツール WEB版,ねんころ@AIクリエイター,記事を書く・編集する,記事本文をもとに、タイトル案やお題タグ、通常タグを生成するWebツール,メンバーシップ限定,https://note.com/nenkoro_life/n/n670e4486ed4f,2026-08-03,https://assets.st-note.com/production/uploads/images/279737035/rectangle_large_type_2_ac88a6e9595fb3762930331eb327aa4d.png?fit=bounds&quality=85&width=1280
タグくる,けいさん,記事を書く・編集する,記事の内容に合うハッシュタグを5〜10個提案する無料ツール,無料,https://note.com/kei_fire/n/n286da421f06a,2026-08-03,https://assets.st-note.com/production/uploads/images/276769057/rectangle_large_type_2_9e3b240e42a8f5beb34fbb6260d93bb0.jpg?fit=bounds&quality=85&width=1280
noteハッシュタグリサーチツール,shintaroさん,記事を書く・編集する,noteで使用するハッシュタグの投稿数などを調査するためのツール,有料（100円）,https://note.com/shintarou02/n/n67cf9f5dae5f,2026-08-03,https://assets.st-note.com/production/uploads/images/188147497/rectangle_large_type_2_4d0b60606015d5805e6aba41d7ee84d2.png?fit=bounds&quality=85&width=1280
noteタグ自動生成・入力ツール,日本個別株デューデリジェンスセンター,記事を書く・編集する,記事本文をもとにハッシュタグを生成し、noteの編集画面へ入力するChrome拡張機能,無料,https://note.com/tatsuya_sabato/n/n894115e8ddae,2026-08-03,https://assets.st-note.com/production/uploads/images/281667502/rectangle_large_type_2_24734ebd26b6dc39bba1366fa209c82a.png?fit=bounds&quality=85&width=1280
Creator Toolkit for note,やのすけさん,記事を書く・編集する,noteの編集画面に記事のMarkdownバックアップや定型文管理などを追加するChrome拡張機能,無料,https://note.com/dear_lupine1825/n/n54cf5edb51a2,2026-08-03,https://assets.st-note.com/production/uploads/images/280278143/rectangle_large_type_2_391bbf71ee8273f770cefcc7c1f81d1e.png?fit=bounds&quality=85&width=1280
note工房,ウミノ｜AIとマーケティングの専門家,記事を書く・編集する,noteの編集画面にAI画像生成や定型文保存などを追加するChrome拡張機能,有料（1480円〜2480円）,https://note.com/taraco_mom/n/n4bd726f83513,2026-08-03,https://assets.st-note.com/production/uploads/images/298823123/rectangle_large_type_2_87ad44e48e84b66ebff6c96cd4f1382c.png?fit=bounds&quality=85&width=1280
noteテーマガチャ,ひゅー｜AI×note｜挑戦と思考整理を楽しむ。,記事を書く・編集する,ボタンを押すと、noteに書くテーマをランダムに提案してくれるWebツール,無料,https://note.com/hyu_nisworks/n/n3bcbbae6dbf4,2026-08-03,https://assets.st-note.com/production/uploads/images/276843838/rectangle_large_type_2_480fb76c41ede0e4b61006dbd79f155b.png?fit=bounds&quality=85&width=1280
Note Prompt Builder,あいすけ@歯科アプリ個人開発者,記事を書く・編集する,記事のテーマや想定読者を入力し、生成AI向けプロンプトを作成するWebアプリ,公開中,https://note.com/suke_ai_code/n/neab5497a94cf,2026-08-03,https://assets.st-note.com/production/uploads/images/260298363/rectangle_large_type_2_cc16b65a2de608a3354118063b6a485e.png?fit=bounds&quality=85&width=1280
Logee（ロジー）,ひゅー｜AI×note｜挑戦と思考整理を楽しむ。,記事を書く・編集する,テーマから枝を伸ばしながら記事構成を整理できるロジックツリー作成ツール,無料,https://note.com/hyu_nisworks/n/nfc96807ed86e,2026-08-03,https://assets.st-note.com/production/uploads/images/298365966/rectangle_large_type_2_ce39cbb4d1eae0033732d2ee3197a24f.png?fit=bounds&quality=85&width=1280
noteアシスト,サトシさん,記事を書く・編集する,noteの編集画面に表示幅調整や文字数表示、AI診断などを追加するChrome拡張機能,基本無料・AI診断有料,https://note.com/souutsu_yutori/n/ndcd1aa51dee6,2026-08-03,https://assets.st-note.com/production/uploads/images/271623396/rectangle_large_type_2_028c54d86b9f1bda8c057d6b1994b080.png?fit=bounds&quality=85&width=1280
noteフォーマットヘルパー,ふーさん,記事を書く・編集する,noteの編集画面で文章の整形や定型的な入力を補助するChrome拡張機能,無料,https://note.com/fudachan2525/n/n7e949dca76b5,2026-08-03,https://assets.st-note.com/production/uploads/images/254148050/rectangle_large_type_2_adfd48ff1641ac397081c83abcff7cee.png?fit=bounds&quality=85&width=1280
Naibu Link,日本個別株デューデリジェンスセンター,記事を書く・編集する,noteの記事を書いているときに本文と関連する過去記事を探し、内部リンクを挿入するChrome拡張機能,無料体験・本番版3980円,https://note.com/tatsuya_sabato/n/n5a988b35545b,2026-08-03,https://assets.st-note.com/production/uploads/images/281659219/rectangle_large_type_2_888f35e964b791dcf07114b27d3b9076.png?fit=bounds&quality=85&width=1280
文章スタイル・インサイト,ひゅー｜AI×note｜挑戦と思考整理を楽しむ。,記事を書く・編集する,noteの記事本文を7つの視点・25項目で分析するプロンプト,有料（2000円）,https://note.com/hyu_nisworks/n/nc7b099431b5c,2026-08-03,https://assets.st-note.com/production/uploads/images/282512557/rectangle_large_type_2_731906a5f4e3bd0781e382cc26e0ebbf.png?fit=bounds&quality=85&width=1280
Mini-Link,ひゅー｜AI×note｜挑戦と思考整理を楽しむ。,画像・デザインを作る,画像を貼り、その画像へリンクを設定する2ステップでリンク画像を置きやすくするChrome拡張機能,有料（500円）,https://note.com/hyu_nisworks/n/nb6f2855a0408,2026-08-03,https://assets.st-note.com/production/uploads/images/279423176/rectangle_large_type_2_8dc2a2c165fca66f0789b064f085af34.png?fit=bounds&quality=85&width=1280
リッチテキスト画像クリッパー,ひゅー｜AI×note｜挑戦と思考整理を楽しむ。,画像・デザインを作る,入力した文章へ装飾を加えたうえで、noteへ貼り付けやすい画像に変換するツール,有料（500円）,https://note.com/hyu_nisworks/n/n1e8eb380694e,2026-08-03,https://assets.st-note.com/production/uploads/images/282514297/rectangle_large_type_2_9723b269b122b8132ab4ab284edc8bf1.png?fit=bounds&quality=85&width=1280
ポン出しビルダー＋ v4,KITAcore｜キタコレ@ログプレイヤー,画像・デザインを作る,画像生成用の英語プロンプトを組み立てるカード型ツール,メンバーシップ限定,https://note.com/ktcrs1107/n/na3a3f43b4d1b,2026-08-03,https://assets.st-note.com/production/uploads/images/291706233/rectangle_large_type_2_1956d8dfec2ccc8fb1dbe3a797794fc9.png?fit=bounds&quality=85&width=1280
SAMUNE PRESS,KITAcore｜キタコレ@ログプレイヤー,画像・デザインを作る,noteの記事本文やタイトルなどをもとに、サムネや挿絵の画像生成用プロンプトを組み立てるHTMLツール,有料（980円）,https://note.com/ktcrs1107/n/nd980e190832e,2026-08-07,https://assets.st-note.com/production/uploads/images/293516957/rectangle_large_type_2_800b9c1ad4f04aeb7ad06c51a4c2456e.png?width=1280
noteサムネメーカー,AI かわき｜世界一優しいAI画像生成の解説,画像・デザインを作る,20種類以上のテンプレートから選び、文字や画像を編集してnote推奨サイズの見出し画像を作成するWebツール,無料,https://note.com/kawakijourney_ai/n/nd9b7bce35f01,2026-08-03,https://assets.st-note.com/production/uploads/images/285993783/rectangle_large_type_2_f3feca2c016b945968ebb24700355029.png?fit=bounds&quality=85&width=1280
Noteサムネ専属秘書,笑顔製作所所長さん,画像・デザインを作る,noteの見出し画像作りを支援するGemini Gem,無料,https://note.com/buildmate88/n/ncf4e4d855f64,2026-08-03,https://assets.st-note.com/production/uploads/images/236139515/rectangle_large_type_2_27605a71a8d0b8505e328977345c3965.jpeg?fit=bounds&quality=85&width=1280
サムネ盛丸（モリマル）,M橋D輔さん,画像・デザインを作る,文字や画像を組み合わせ、noteの見出し画像をブラウザ上で作成するツール,無料,https://note.com/motohasystem/n/n95c969073afd,2026-08-03,https://assets.st-note.com/production/uploads/images/271945906/rectangle_large_type_2_855616f2f5f66ef016f9527916404e94.png?fit=bounds&quality=85&width=1280
Wanko-note,T1〖ゲーム制作してます〗,画像・デザインを作る,画像をnoteの見出し画像やアイコンなどのサイズへ調整するWebツール,無料,https://note.com/t1_office/n/n9d4770e41bc5,2026-08-03,https://assets.st-note.com/production/uploads/images/280104946/rectangle_large_type_2_cbaef5ca238b6e2f98e075dac3721032.png?fit=bounds&quality=85&width=1280
LsHeaderResizer,Mickey Lee Hasher｜合同会社ライトソフト,画像・デザインを作る,画像をnoteやX、Mediumなどのヘッダサイズへ調整できるブラウザツール,無料,https://note.com/litesoft/n/n1b7aef8b494b,2026-08-03,https://assets.st-note.com/production/uploads/images/245980480/rectangle_large_type_2_bb29987a7659cb0e0608562a8bdb6ad3.png?fit=bounds&quality=85&width=1280
PostStudio,ウミノ｜AIとマーケティングの専門家,画像・デザインを作る,noteの記事内容から見出し画像とSNS投稿文を作成するChrome拡張機能,無料（API利用料別）,https://note.com/taraco_mom/n/ne8568e3e577c,2026-08-03,https://assets.st-note.com/production/uploads/images/246429460/rectangle_large_type_2_f1e8b0849471cf3bc3b60d64365a662f.jpeg?fit=bounds&quality=85&width=1280
Table Studio,データ分析｜コピペで動くAIアプリ｜[ゆき],画像・デザインを作る,Markdown形式の表をnoteに掲載しやすい図解画像へ変換するWebアプリ,有料（200円）,https://note.com/jazzy_orchid7415/n/nd737d4883584,2026-08-03,https://assets.st-note.com/production/uploads/images/285420302/rectangle_large_type_2_dfad85784849b350e81da82bb754fadf.png?fit=bounds&quality=85&width=1280
Markdown ➡ テーブル変換くん v4.3,AUL DoXさん,画像・デザインを作る,CSV、TSV、Markdown形式の表を読み込み、PNG画像やグラフに変換できるWebツール,無料,https://note.com/chic_wren6567/n/ne78b9bb96831,2026-08-03,https://assets.st-note.com/production/uploads/images/264899274/rectangle_large_type_2_ddf07db7d01698cb32186c38756e2efd.png?fit=bounds&quality=85&width=1280
CSV → note LaTeX 表組みコード生成,ROROSUKE LABOさん,画像・デザインを作る,noteの編集画面へ貼り付けたCSVデータをLaTeX形式の表コードへ変換するChrome拡張機能,公開中,https://note.com/rorosuke/n/n6ca3f98917fd,2026-08-03,https://assets.st-note.com/production/uploads/images/272385157/rectangle_large_type_2_8173bb26fdd5e2a6717dced95f82212c.png?fit=bounds&quality=85&width=1280
爆ジェンサポート,teddyさん,画像・デザインを作る,noteの技術記事に掲載する表やグラフをブラウザ上で仕上げるツール,公開中,https://note.com/teddy14/n/nb82957b3ea87,2026-08-03,https://assets.st-note.com/production/uploads/images/291844786/rectangle_large_type_2_c96892fdf816eb70b247d62f8e1c6196.png?fit=bounds&quality=85&width=1280
note 表インサーター v0.4,まるしょーさん,画像・デザインを作る,Markdown形式の表を読み込み、PNG画像としてコピーできるChrome拡張機能,無料,https://note.com/marusho_1266/n/n9ba6efec8274,2026-08-03,https://assets.st-note.com/production/uploads/images/279163360/rectangle_large_type_2_e93a595f999549d71ea770022b0dd002.png?fit=bounds&quality=85&width=1280
表介 2.0,ニャンコー不落さん,画像・デザインを作る,表データを入力し、noteの記事へ掲載できる表用コードを作成するWebツール,無料,https://note.com/nyanfortress/n/nfa0edcd7bdaf,2026-08-03,https://assets.st-note.com/production/uploads/images/281322718/rectangle_large_type_2_540dba165511efd0a28503ef66096e15.png?fit=bounds&quality=85&width=1280
表子 2.0,ニャンコー不落さん,画像・デザインを作る,表計算ソフトのような画面で表を作り、noteに掲載できるMermaidコードとして出力するWebツール,無料,https://note.com/nyanfortress/n/nfa0edcd7bdaf,2026-08-03,https://assets.st-note.com/production/uploads/images/281322718/rectangle_large_type_2_540dba165511efd0a28503ef66096e15.png?fit=bounds&quality=85&width=1280
noteを縦書きに変えるツール,藍月乃音（あいつき）,画像・デザインを作る,川柳などの短い文章を縦書きで美しく見せるツール,有料（200円）,https://note.com/globalyttrends/n/n402eb0b036fb,2026-08-03,https://assets.st-note.com/production/uploads/images/256283621/rectangle_large_type_2_8fdb80b5fb7ac8d98ad4d471362938ea.jpeg?fit=bounds&quality=85&width=1280
NoteGIF Optimizer,藍月乃音（あいつき）,画像・デザインを作る,Canvaなどで作成したGIFをnoteへアップロードしやすい状態に最適化するツール,有料（100円）,https://note.com/globalyttrends/n/n1c0b76e0f5c2,2026-08-03,https://assets.st-note.com/production/uploads/images/257817485/rectangle_large_type_2_03dcdf9a59438fdb7f88f87943004a4b.jpeg?fit=bounds&quality=85&width=1280
MP4 to GIF Converter（もふとニャコ）,もふとニャコさん,画像・デザインを作る,MP4動画をnoteに掲載しやすいGIFへ変換するWindows用アプリ,有料（500円）,https://note.com/mofu_nyako/n/n50e2d81aa391,2026-08-03,https://assets.st-note.com/production/uploads/images/291786305/rectangle_large_type_2_2a7d393d6734611ffb1e87d9d7a1316b.png?fit=bounds&quality=85&width=1280
GIF4n,gif4note開発室｜AIで作る実用アプリ,画像・デザインを作る,端末内の動画をnoteへ掲載できる容量のGIFに自動変換するiOSアプリ,無料,https://note.com/gif4note_lab/n/n2c5b74a2f19c,2026-08-03,https://assets.st-note.com/production/uploads/images/278089037/rectangle_large_type_2_b77e7e8987fbc1a4ee09a2f000d65778.png?fit=bounds&quality=85&width=1280
Movie to GIF,Kyosuke（みんなのWeb屋さん）,画像・デザインを作る,動画をブラウザ内でGIFへ変換する無料Webツール,無料,https://note.com/kyosuke_create/n/nf2fb07a106f4,2026-08-03,https://assets.st-note.com/production/uploads/images/281006584/rectangle_large_type_2_54ee00bb11e1fad3a52729d7190a6063.png?fit=bounds&quality=85&width=1280
MP4toGIF（Purebitsoft）,8ball.AI.artさん,画像・デザインを作る,MP4動画をGIFへ変換する、インストール不要のHTMLツール,無料,https://note.com/8ball_ai_art8888/n/n447a9124fec2,2026-08-03,https://assets.st-note.com/production/uploads/images/284222418/rectangle_large_type_2_f6a1bb365479fbd0ea3b577557e16995.png?fit=bounds&quality=85&width=1280
gif-shin,ツカルさん,画像・デザインを作る,noteへ掲載できるGIFを録画・編集するWindows用ツール,有料（1280円）,https://note.com/tsukarukatamade/n/na7f9c996dadc,2026-08-03,https://assets.st-note.com/production/uploads/images/277717650/rectangle_large_type_2_147a11cf45000cec71f7b555173815ee.png?fit=bounds&quality=85&width=1280
MP4 to GIF Converter（k3）,k3さん,画像・デザインを作る,MP4動画をGIFへ変換するツール（Windows版とWeb版）,無料,https://note.com/lush_clover5338/n/na9ed92ddb30a,2026-08-03,https://assets.st-note.com/production/uploads/images/211219276/rectangle_large_type_2_19c35cf2e8e22ec0926f6ecdb0dc529d.png?fit=bounds&quality=85&width=1280
MP4→GIF変換ツール,Hottarita（ほったりた）,画像・デザインを作る,MP4動画をGIFへ変換し容量判定するコード,無料,https://note.com/hottarita/n/nfa750be61c4c,2026-08-03,https://assets.st-note.com/production/uploads/images/259924861/rectangle_large_type_2_6fe38fdc9b9edc84afa623ded1f60f22.png?fit=bounds&quality=85&width=1280
動画をGIFに変換して透かしを入れるツール,Rcat999さん,画像・デザインを作る,動画をGIFへ変換し著作権表記などの透かしを入れられるPythonツール,有料（100円）,https://note.com/rcat999/n/n6cae933159d7,2026-08-03,https://assets.st-note.com/production/uploads/images/151929748/rectangle_large_type_2_78cead35afc29c7086aed25495d41e0c.png?fit=bounds&quality=85&width=1280
note用MP4→GIF変換スクリプト,shiba*2さん,画像・デザインを作る,複数のMP4動画をnoteへアップロードしやすいGIFへまとめて変換するWindows用スクリプト,無料,https://note.com/gentle_murre488/n/ne2dcc5ec7f85,2026-08-03,https://assets.st-note.com/production/uploads/images/169878972/rectangle_large_type_2_ff25b6626f4154d19fda7ffb7e9de1b0.png?fit=bounds&quality=85&width=1280
noteの投稿をWordPressへ投稿するプラグイン,よざっちさん,データを取得・出力する,自分のnote記事を、画像を含めてWordPressへ投稿するためのプラグイン,公開中,https://note.com/temitarz/n/n5c0acd102a36,2026-08-03,https://assets.st-note.com/production/uploads/images/245913514/rectangle_large_type_2_174931c5c0648afb843f52f88bed9f65.jpg?fit=bounds&quality=85&width=1280
noteからSubstackへの書式変換ツール,辻嵐 飛鳥（アスカネット）,データを取得・出力する,自分のnote記事をSubstackへ移すときに本文の書式を整えるための変換ツール,公開中,https://note.com/asukanet/n/nc0edd599a714,2026-08-03,https://assets.st-note.com/production/uploads/images/273068323/rectangle_large_type_2_8a9e434c61394deb2d4cba32aad0c39b.png?fit=bounds&quality=85&width=1280
SNS投稿作成ツール,S46ラボ｜AI副業と犬,記事を書く・編集する,noteやブログの記事URLからX・Threads向けの投稿文を生成するWebツール,無料,https://note.com/hb449108/n/nf13e2eb42541,2026-08-06,https://assets.st-note.com/production/uploads/images/291427091/rectangle_large_type_2_29de78fc19cc80ec5f45ca1fec777589.png?fit=bounds&quality=85&width=1280
note人気キーワード発見ツール,S46ラボ｜AI副業と犬,記事を書く・編集する,入力したキーワードのnote検索結果へ進み人気記事のタイトルや反応を調査するWebツール,無料,https://note.com/hb449108/n/n8550b920ad28,2026-08-06,https://assets.st-note.com/production/uploads/images/292262244/rectangle_large_type_2_55b58856a063c8b7368b3aea37e44162.png?fit=bounds&quality=85&width=1280
Daily Driver,はしゃもさん,記事を書く・編集する,記事候補や公開時期や定期企画を整理し今日書くものを決めるための制作管理ツール,開発・検証中,https://note.com/hasyamo/n/n8be1b002f99f,2026-08-09,https://assets.st-note.com/production/uploads/images/299752572/rectangle_large_type_2_8ce99bd119fc1bb9f468af11f3f66dd2.png?width=1280
note Cube Blocks,ひゅー｜AI×note｜挑戦と思考整理を楽しむ。,活動を分析・記録する,過去記事を反応数に応じたブロックとして並べ投稿時期やジャンルの傾向を視覚的に分析するWebツール,無料利用可・有料機能あり,https://note.com/hyu_nisworks/n/n8440066081b3,2026-08-09,https://assets.st-note.com/production/uploads/images/299162484/rectangle_large_type_2_fef715d8bab3b06610ac77acd588ada6.png?width=1280
note Creator Summary,ひゅー｜AI×note｜挑戦と思考整理を楽しむ。,活動を分析・記録する,フォローとフォロワーの属性や相互関係を可視化しラベルなどで整理するWebツール,無料利用可・有料機能あり,https://note.com/hyu_nisworks/n/n8440066081b3,2026-08-09,https://assets.st-note.com/production/uploads/images/299162484/rectangle_large_type_2_fef715d8bab3b06610ac77acd588ada6.png?width=1280
Note Commander,藍月乃音（あいつき）,記事を書く・編集する,noteの編集画面で不要語句の一括削除・置換や表記の整形を行うブラウザ拡張機能,有料（100円）,https://note.com/globalyttrends/n/n214ee75a2bde,2026-08-12,https://assets.st-note.com/production/uploads/images/258368039/rectangle_large_type_2_cf19ff97269030784a81caa9e50148f7.jpeg?width=1280
